track_id,sample_id,raw_frame_index,iso1300_mm,iso1400_mm,iso1500_mm,iso1600_mm,iso1800_mm,iso1300_mm_roll,iso1400_mm_roll,iso1500_mm_roll,iso1600_mm_roll,iso1800_mm_roll
10,T10_F000,341,3.7800000000000002,1.05,0.966,0.868,0.798,3.7736363636363635,1.0245454545454544,0.9392727272727275,0.8692727272727272,0.7878181818181819
10,T10_F001,342,3.7520000000000002,1.008,0.924,0.854,0.77,3.7718333333333334,1.022,0.9380000000000002,0.8691666666666666,0.7863333333333333
10,T10_F002,343,3.7800000000000002,1.036,0.966,0.882,0.798,3.7724615384615388,1.022,0.9380000000000002,0.8690769230769231,0.7861538461538462
10,T10_F003,344,3.766,1.022,0.924,0.854,0.77,3.777,1.025,0.9410000000000002,0.872,0.789
10,T10_F004,345,3.766,0.994,0.91,0.84,0.742,3.7772,1.0257333333333334,0.9426666666666669,0.8717333333333334,0.7896000000000001
10,T10_F005,346,3.7800000000000002,1.036,0.966,0.896,0.798,3.779125,1.02725,0.94325,0.8732500000000001,0.7901250000000001
10,T10_F006,347,3.7800000000000002,1.008,0.924,0.868,0.798,3.7783529411764705,1.0269411764705882,0.9429411764705883,0.8729411764705883,0.7905882352941177
10,T10_F007,348,3.766,0.98,0.924,0.868,0.798,3.7776666666666667,1.0266666666666664,0.9426666666666667,0.8734444444444445,0.791
10,T10_F008,349,3.794,1.036,0.9520000000000001,0.882,0.798,3.777052631578948,1.0256842105263155,0.9409473684210526,0.872421052631579,0.7906315789473686
10,T10_F009,350,3.7800000000000002,1.064,0.9380000000000001,0.868,0.798,3.7772000000000006,1.0254999999999996,0.9415000000000001,0.8722,0.7910000000000001
10,T10_F010,351,3.766,1.036,0.9380000000000001,0.882,0.798,3.777333333333334,1.025333333333333,0.9406666666666668,0.8713333333333333,0.7900000000000001
10,T10_F011,352,3.7520000000000002,0.994,0.924,0.868,0.77,3.7766666666666673,1.0239999999999998,0.9393333333333332,0.8713333333333331,0.7893333333333333
10,T10_F012,353,3.7800000000000002,1.022,0.9380000000000001,0.868,0.784,3.777333333333334,1.0239999999999998,0.9393333333333332,0.8719999999999999,0.7906666666666669
10,T10_F013,354,3.8360000000000003,1.064,0.98,0.91,0.8260000000000001,3.7780000000000005,1.023333333333333,0.9386666666666666,0.8713333333333331,0.79
10,T10_F014,355,3.7800000000000002,1.036,0.966,0.868,0.798,3.6540000000000004,1.023333333333333,0.9393333333333332,0.8719999999999999,0.7906666666666669
10,T10_F015,356,3.8080000000000003,1.05,0.9520000000000001,0.896,0.798,3.655333333333334,1.0253333333333332,0.9413333333333334,0.8733333333333332,0.7926666666666667
10,T10_F016,357,3.766,1.022,0.9380000000000001,0.868,0.798,3.654666666666667,1.0246666666666666,0.9400000000000001,0.8719999999999999,0.7926666666666667
10,T10_F017,358,3.766,1.022,0.9380000000000001,0.882,0.798,3.6540000000000004,1.0253333333333332,0.9406666666666668,0.8719999999999999,0.7926666666666667
10,T10_F018,359,3.766,1.008,0.91,0.854,0.784,3.6546666666666674,1.0273333333333332,0.9413333333333332,0.8719999999999999,0.792
10,T10_F019,360,3.7800000000000002,1.022,0.9520000000000001,0.868,0.798,3.527333333333334,1.0259999999999998,0.94,0.8706666666666666,0.7906666666666669
10,T10_F020,361,3.7800000000000002,1.022,0.924,0.854,0.77,3.5279999999999996,1.0253333333333332,0.9406666666666665,0.8719999999999999,0.7906666666666666
10,T10_F021,362,3.766,1.022,0.9380000000000001,0.868,0.784,3.400666666666667,1.0226666666666666,0.9400000000000001,0.87,0.7893333333333333
10,T10_F022,363,3.766,1.008,0.924,0.868,0.798,3.401333333333334,1.0233333333333332,0.9400000000000001,0.8699999999999998,0.7893333333333333
10,T10_F023,364,3.794,1.022,0.9520000000000001,0.868,0.784,3.3999999999999995,1.022,0.9393333333333335,0.8699999999999998,0.7893333333333333
10,T10_F024,365,1.162,1.022,0.9380000000000001,0.868,0.784,3.397333333333333,1.0206666666666666,0.9380000000000002,0.8679999999999999,0.7873333333333333
10,T10_F025,366,3.794,1.036,0.9520000000000001,0.868,0.784,3.398666666666667,1.02,0.9366666666666668,0.8686666666666667,0.7866666666666666
10,T10_F026,367,3.766,1.022,0.9380000000000001,0.868,0.798,3.3973333333333335,1.02,0.9366666666666668,0.8673333333333333,0.7866666666666668
10,T10_F027,368,3.766,1.022,0.9380000000000001,0.868,0.798,3.398,1.02,0.9373333333333336,0.8673333333333333,0.7860000000000001
10,T10_F028,369,3.7800000000000002,1.022,0.9380000000000001,0.868,0.784,3.398,1.0193333333333332,0.9366666666666669,0.8653333333333332,0.7846666666666667
10,T10_F029,370,1.12,1.008,0.924,0.854,0.77,3.3986666666666667,1.0206666666666666,0.9386666666666669,0.8659999999999999,0.7853333333333335
10,T10_F030,371,3.794,1.05,0.9520000000000001,0.896,0.798,3.400666666666667,1.0206666666666666,0.9386666666666669,0.8666666666666668,0.7840000000000001
10,T10_F031,372,1.092,0.98,0.924,0.84,0.77,3.401333333333333,1.02,0.9386666666666669,0.8666666666666666,0.7846666666666667
10,T10_F032,373,3.766,1.008,0.924,0.868,0.77,3.402,1.0193333333333332,0.9380000000000001,0.8673333333333334,0.7846666666666667
10,T10_F033,374,3.7520000000000002,0.994,0.924,0.868,0.784,3.402,1.0193333333333332,0.9380000000000001,0.8673333333333333,0.7840000000000001
10,T10_F034,375,3.7800000000000002,1.036,0.9520000000000001,0.868,0.784,3.402,1.0193333333333332,0.9380000000000002,0.8673333333333331,0.7846666666666667
10,T10_F035,376,3.8080000000000003,1.022,0.9380000000000001,0.882,0.784,3.5273333333333334,1.02,0.9386666666666669,0.8679999999999999,0.7846666666666667
10,T10_F036,377,3.7800000000000002,1.05,0.9520000000000001,0.868,0.798,3.526666666666667,1.0186666666666666,0.9373333333333336,0.8679999999999999,0.7846666666666667
10,T10_F037,378,3.7800000000000002,1.022,0.9520000000000001,0.868,0.784,3.528666666666667,1.0193333333333332,0.9366666666666668,0.8673333333333333,0.7833333333333334
10,T10_F038,379,3.766,1.008,0.924,0.84,0.77,3.532666666666666,1.0193333333333332,0.9373333333333334,0.8679999999999999,0.7826666666666666
10,T10_F039,380,3.7800000000000002,1.036,0.9520000000000001,0.868,0.798,3.5346666666666673,1.0206666666666666,0.9386666666666669,0.8693333333333335,0.7846666666666667
10,T10_F040,381,3.822,1.022,0.9520000000000001,0.882,0.77,3.660666666666667,1.0213333333333334,0.9386666666666669,0.87,0.7846666666666667
10,T10_F041,382,3.794,1.008,0.924,0.854,0.784,3.6633333333333336,1.0206666666666666,0.9386666666666669,0.8686666666666664,0.7846666666666667
10,T10_F042,383,3.7800000000000002,1.008,0.924,0.882,0.784,3.7906666666666666,1.0219999999999998,0.9393333333333332,0.8699999999999998,0.786
10,T10_F043,384,3.766,1.008,0.924,0.868,0.784,3.7906666666666675,1.022,0.94,0.87,0.7873333333333333
10,T10_F044,385,3.794,1.022,0.9520000000000001,0.868,0.798,3.7920000000000003,1.0226666666666666,0.94,0.8699999999999998,0.7873333333333333
10,T10_F045,386,3.794,1.036,0.9520000000000001,0.882,0.784,3.7913333333333337,1.0213333333333334,0.9386666666666666,0.8693333333333332,0.7873333333333333
10,T10_F046,387,3.7800000000000002,1.008,0.924,0.868,0.784,3.794000000000001,1.0219999999999998,0.9393333333333335,0.8686666666666666,0.788
10,T10_F047,388,3.8080000000000003,1.036,0.924,0.854,0.77,3.7946666666666675,1.0206666666666664,0.9393333333333336,0.8686666666666666,0.788
10,T10_F048,389,3.85,1.022,0.9520000000000001,0.882,0.784,3.7946666666666666,1.0213333333333334,0.9393333333333336,0.8686666666666666,0.788
10,T10_F049,390,3.822,1.05,0.966,0.896,0.8260000000000001,3.7960000000000003,1.0226666666666668,0.9406666666666671,0.8706666666666666,0.7893333333333333
10,T10_F050,391,3.766,1.022,0.924,0.868,0.77,3.7953333333333332,1.0213333333333334,0.9400000000000003,0.8706666666666666,0.7886666666666667
10,T10_F051,392,3.85,1.036,0.9520000000000001,0.868,0.798,3.793333333333334,1.02,0.9386666666666666,0.8686666666666667,0.788
10,T10_F052,393,3.766,1.008,0.9380000000000001,0.868,0.798,3.6646666666666667,1.0180000000000002,0.9373333333333334,0.8673333333333333,0.786
10,T10_F053,394,3.766,1.008,0.9380000000000001,0.868,0.798,3.6646666666666667,1.0186666666666666,0.9386666666666669,0.8666666666666666,0.7866666666666668
10,T10_F054,395,3.7800000000000002,1.008,0.924,0.868,0.784,3.664666666666667,1.0186666666666664,0.9393333333333335,0.8666666666666665,0.7873333333333334
10,T10_F055,396,3.766,1.008,0.924,0.854,0.784,3.664,1.018,0.9386666666666666,0.8666666666666665,0.7866666666666666
10,T10_F056,397,3.864,1.036,0.9520000000000001,0.868,0.798,3.662,1.016,0.9366666666666668,0.8646666666666666,0.7860000000000001
10,T10_F057,398,3.794,1.022,0.9520000000000001,0.868,0.798,3.6613333333333338,1.0159999999999998,0.9360000000000002,0.8639999999999999,0.7853333333333333
10,T10_F058,399,3.7800000000000002,1.036,0.9520000000000001,0.868,0.784,3.6593333333333335,1.016,0.9373333333333336,0.8646666666666666,0.786
10,T10_F059,400,3.794,1.036,0.9520000000000001,0.882,0.798,3.656666666666667,1.0153333333333332,0.9366666666666668,0.8633333333333333,0.7866666666666668
10,T10_F060,401,3.766,1.008,0.9380000000000001,0.868,0.784,3.6540000000000004,1.0126666666666666,0.9346666666666666,0.8613333333333332,0.7839999999999999
10,T10_F061,402,3.7800000000000002,0.994,0.924,0.84,0.756,3.654666666666667,1.012,0.9353333333333333,0.8613333333333332,0.7853333333333332
10,T10_F062,403,1.092,0.966,0.896,0.8260000000000001,0.742,3.651333333333334,1.01,0.9333333333333333,0.8606666666666666,0.7840000000000001
10,T10_F063,404,3.7800000000000002,1.022,0.9520000000000001,0.868,0.798,3.651333333333334,1.0099999999999998,0.9326666666666668,0.8606666666666664,0.7833333333333333
10,T10_F064,405,3.766,1.008,0.9380000000000001,0.868,0.798,3.651333333333334,1.0106666666666666,0.9326666666666666,0.8613333333333334,0.7833333333333333
10,T10_F065,406,3.7800000000000002,1.008,0.9380000000000001,0.868,0.784,3.6500000000000004,1.0086666666666666,0.9313333333333333,0.8600000000000001,0.782
10,T10_F066,407,3.7520000000000002,0.994,0.91,0.84,0.77,3.6500000000000004,1.0099999999999998,0.9313333333333333,0.8606666666666666,0.782
10,T10_F067,408,3.766,1.008,0.91,0.854,0.77,3.6466666666666665,1.0093333333333332,0.9306666666666666,0.8613333333333334,0.7826666666666668
10,T10_F068,409,3.766,1.036,0.9520000000000001,0.868,0.784,3.6466666666666665,1.0093333333333332,0.9299999999999999,0.8613333333333334,0.7826666666666666
10,T10_F069,410,3.794,1.008,0.9380000000000001,0.854,0.798,3.647333333333333,1.008,0.9293333333333332,0.8613333333333332,0.7833333333333334
10,T10_F070,411,3.766,0.994,0.924,0.854,0.77,3.645333333333333,1.0066666666666664,0.9279999999999998,0.86,0.7826666666666666
10,T10_F071,412,3.7800000000000002,1.008,0.9380000000000001,0.868,0.798,3.646666666666666,1.007333333333333,0.9286666666666668,0.86,0.7826666666666666
10,T10_F072,413,3.7800000000000002,0.994,0.91,0.854,0.77,3.6466666666666665,1.0079999999999998,0.9293333333333335,0.8613333333333332,0.7840000000000001
10,T10_F073,414,3.766,1.008,0.924,0.868,0.784,3.775333333333333,1.0113333333333332,0.9320000000000003,0.8639999999999999,0.7873333333333334
10,T10_F074,415,3.766,1.022,0.9380000000000001,0.882,0.798,3.776,1.012,0.9320000000000002,0.8646666666666667,0.7873333333333334
10,T10_F075,416,3.7520000000000002,0.966,0.896,0.84,0.756,3.776,1.012,0.9320000000000002,0.8646666666666667,0.786
10,T10_F076,417,3.766,1.036,0.924,0.868,0.784,3.7760000000000002,1.0126666666666666,0.9313333333333335,0.8646666666666666,0.7866666666666666
10,T10_F077,418,3.794,1.022,0.9380000000000001,0.882,0.812,3.7766666666666673,1.014,0.9326666666666666,0.8659999999999999,0.7873333333333333
10,T10_F078,419,3.794,1.022,0.9380000000000001,0.868,0.798,3.6500000000000004,1.0139999999999998,0.9333333333333332,0.8659999999999999,0.7873333333333334
10,T10_F079,420,3.794,1.008,0.9380000000000001,0.868,0.798,3.524,1.0126666666666664,0.9319999999999999,0.8659999999999999,0.788
10,T10_F080,421,3.7520000000000002,1.008,0.924,0.854,0.784,3.527333333333334,1.0153333333333332,0.934,0.8679999999999999,0.7886666666666667
10,T10_F081,422,3.794,1.022,0.9520000000000001,0.868,0.784,3.527333333333334,1.0166666666666664,0.9346666666666666,0.8686666666666666,0.7893333333333333
10,T10_F082,423,3.7800000000000002,1.008,0.9380000000000001,0.868,0.784,3.530666666666667,1.018,0.9353333333333333,0.8693333333333333,0.79
10,T10_F083,424,3.794,1.036,0.9520000000000001,0.882,0.812,3.532,1.0193333333333332,0.9373333333333336,0.8706666666666668,0.7913333333333334
10,T10_F084,425,3.794,1.036,0.9520000000000001,0.882,0.798,3.5313333333333334,1.0193333333333332,0.9373333333333336,0.8700000000000001,0.7906666666666666
10,T10_F085,426,3.766,1.008,0.9380000000000001,0.868,0.77,3.5313333333333334,1.0193333333333332,0.9366666666666668,0.8686666666666667,0.7906666666666666
10,T10_F086,427,3.7800000000000002,1.022,0.924,0.868,0.798,3.5333333333333337,1.0226666666666666,0.9386666666666666,0.8706666666666666,0.792
10,T10_F087,428,3.766,1.022,0.9380000000000001,0.868,0.784,3.5333333333333337,1.0213333333333332,0.9386666666666666,0.8706666666666666,0.792
10,T10_F088,429,1.106,1.008,0.924,0.854,0.77,3.5320000000000005,1.022,0.9379999999999998,0.8699999999999998,0.7913333333333334
10,T10_F089,430,1.12,1.008,0.924,0.868,0.798,3.532,1.0226666666666668,0.9386666666666666,0.8706666666666666,0.792
10,T10_F090,431,3.864,1.064,0.98,0.896,0.812,3.5313333333333325,1.0240000000000002,0.9393333333333336,0.8706666666666666,0.7913333333333334
10,T10_F091,432,3.766,1.022,0.9380000000000001,0.868,0.784,3.532,1.024,0.9393333333333335,0.8706666666666666,0.7913333333333334
10,T10_F092,433,3.85,1.036,0.9520000000000001,0.882,0.812,3.536,1.0253333333333334,0.9400000000000001,0.8720000000000001,0.7933333333333333
10,T10_F093,434,3.8080000000000003,1.022,0.9520000000000001,0.882,0.798,3.536,1.0253333333333334,0.9400000000000001,0.8720000000000001,0.7933333333333336
10,T10_F094,435,3.7520000000000002,1.008,0.924,0.854,0.77,3.5346666666666673,1.0233333333333332,0.9380000000000001,0.87,0.7913333333333336
10,T10_F095,436,3.766,1.022,0.924,0.854,0.798,3.5333333333333337,1.0219999999999998,0.9366666666666665,0.8693333333333332,0.7913333333333334
10,T10_F096,437,3.794,1.036,0.9380000000000001,0.882,0.784,3.533333333333334,1.0219999999999998,0.9353333333333333,0.8680000000000001,0.7906666666666669
10,T10_F097,438,3.766,1.008,0.924,0.868,0.784,3.5333333333333337,1.0213333333333332,0.9353333333333333,0.8679999999999999,0.79
10,T10_F098,439,3.766,1.036,0.924,0.868,0.798,3.5340000000000007,1.0206666666666666,0.9360000000000002,0.8679999999999999,0.79
10,T10_F099,440,3.794,1.036,0.9520000000000001,0.882,0.812,3.6626666666666674,1.0226666666666664,0.9380000000000001,0.87,0.792
10,T10_F100,441,3.7800000000000002,1.036,0.9520000000000001,0.868,0.784,3.7886666666666677,1.0219999999999998,0.9373333333333336,0.8693333333333333,0.7906666666666669
10,T10_F101,442,3.766,1.008,0.924,0.854,0.784,3.784000000000001,1.0193333333333332,0.9353333333333335,0.8679999999999999,0.7893333333333333
10,T10_F102,443,3.878,1.05,0.966,0.896,0.8260000000000001,3.784000000000001,1.0193333333333332,0.9353333333333333,0.8679999999999999,0.7893333333333333
10,T10_F103,444,3.7800000000000002,1.008,0.9380000000000001,0.868,0.784,3.7846666666666677,1.02,0.9353333333333333,0.8686666666666666,0.7886666666666667
10,T10_F104,445,3.766,0.994,0.91,0.84,0.77,3.7840000000000007,1.0206666666666666,0.9360000000000002,0.8693333333333333,0.7893333333333333
10,T10_F105,446,3.766,1.008,0.924,0.868,0.798,3.7860000000000005,1.0220000000000002,0.9380000000000002,0.8713333333333334,0.7906666666666666
10,T10_F106,447,3.766,1.008,0.91,0.84,0.756,3.7860000000000005,1.0213333333333334,0.9386666666666669,0.8720000000000001,0.79
10,T10_F107,448,3.7800000000000002,1.008,0.924,0.868,0.784,3.786666666666667,1.0213333333333334,0.9393333333333335,0.8720000000000001,0.7906666666666666
10,T10_F108,449,3.7800000000000002,1.008,0.9520000000000001,0.868,0.784,3.7880000000000003,1.022666666666667,0.9413333333333334,0.8733333333333335,0.7913333333333334
10,T10_F109,450,3.8080000000000003,1.05,0.966,0.896,0.812,3.7886666666666673,1.0220000000000002,0.942,0.8733333333333333,0.7906666666666666
10,T10_F110,451,3.766,0.994,0.91,0.854,0.77,3.7886666666666673,1.022,0.9420000000000002,0.8726666666666665,0.7900000000000001
10,T10_F111,452,3.766,1.008,0.9380000000000001,0.868,0.784,3.7886666666666664,1.0220000000000002,0.9420000000000002,0.8733333333333333,0.7906666666666666
10,T10_F112,453,3.766,1.022,0.9380000000000001,0.868,0.784,3.7886666666666664,1.0220000000000002,0.9420000000000002,0.8733333333333335,0.79
10,T10_F113,454,3.864,1.05,0.9520000000000001,0.896,0.798,3.783333333333334,1.02,0.9400000000000001,0.8720000000000001,0.7886666666666667
10,T10_F114,455,3.794,1.036,0.966,0.896,0.812,3.7826666666666675,1.02,0.9393333333333335,0.8713333333333333,0.788
10,T10_F115,456,3.794,1.036,0.966,0.896,0.798,3.783333333333334,1.0213333333333332,0.9413333333333334,0.8733333333333333,0.7893333333333333
10,T10_F116,457,3.766,1.008,0.9380000000000001,0.868,0.784,3.7840000000000007,1.0226666666666666,0.9426666666666668,0.8740000000000001,0.7893333333333333
10,T10_F117,458,3.8080000000000003,1.036,0.9520000000000001,0.882,0.798,3.7846666666666677,1.0233333333333332,0.9440000000000001,0.8753333333333334,0.7906666666666666
10,T10_F118,459,3.794,1.036,0.966,0.896,0.798,3.7846666666666673,1.0239999999999998,0.9446666666666668,0.8753333333333332,0.7913333333333334
10,T10_F119,460,3.7800000000000002,1.022,0.9380000000000001,0.868,0.784,3.7846666666666673,1.026,0.9446666666666669,0.8759999999999999,0.792
10,T10_F120,461,3.794,1.036,0.9520000000000001,0.868,0.798,3.7833333333333337,1.0253333333333334,0.9440000000000001,0.8746666666666666,0.7913333333333334
10,T10_F121,462,3.7800000000000002,1.036,0.9520000000000001,0.882,0.798,3.7846666666666673,1.0266666666666666,0.9453333333333334,0.8753333333333332,0.792
10,T10_F122,463,3.766,1.008,0.924,0.854,0.77,3.786,1.027333333333333,0.9453333333333334,0.8753333333333332,0.792
10,T10_F123,464,3.766,1.008,0.924,0.868,0.798,3.7866666666666666,1.028,0.9466666666666668,0.8759999999999999,0.7926666666666667
10,T10_F124,465,3.766,1.008,0.924,0.854,0.77,3.782,1.0273333333333332,0.946,0.8746666666666666,0.7913333333333334
10,T10_F125,466,3.7800000000000002,1.022,0.9520000000000001,0.882,0.798,3.7813333333333334,1.0273333333333337,0.9453333333333334,0.8733333333333333,0.7906666666666669
10,T10_F126,467,3.7800000000000002,1.036,0.9520000000000001,0.882,0.798,3.780666666666667,1.0273333333333337,0.9440000000000001,0.8713333333333333,0.7893333333333333
10,T10_F127,468,3.7800000000000002,1.022,0.9380000000000001,0.868,0.784,3.781333333333334,1.0293333333333337,0.944,0.8713333333333331,0.79
10,T10_F128,469,3.7800000000000002,1.022,0.9380000000000001,0.868,0.798,3.7913333333333337,1.03,0.9446666666666668,0.8713333333333334,0.7893333333333333
10,T10_F129,470,3.7800000000000002,1.05,0.9520000000000001,0.882,0.798,3.7913333333333337,1.0300000000000005,0.9446666666666668,0.8706666666666668,0.7893333333333333
10,T10_F130,471,3.7800000000000002,1.036,0.9520000000000001,0.868,0.798,3.798666666666667,1.0306666666666668,0.9460000000000002,0.8713333333333334,0.7893333333333333
10,T10_F131,472,3.794,1.022,0.9380000000000001,0.868,0.784,3.7979999999999996,1.03,0.9440000000000001,0.8706666666666668,0.788
10,T10_F132,473,3.794,1.022,0.9380000000000001,0.868,0.784,3.798666666666666,1.03,0.9433333333333335,0.87,0.7873333333333334
10,T10_F133,474,3.7800000000000002,1.036,0.966,0.882,0.798,3.7993333333333332,1.0313333333333337,0.944,0.8706666666666665,0.7886666666666667
10,T10_F134,475,3.766,1.036,0.9380000000000001,0.868,0.77,3.7993333333333332,1.0326666666666668,0.9453333333333334,0.8713333333333333,0.7886666666666667
10,T10_F135,476,3.7800000000000002,1.036,0.9520000000000001,0.868,0.798,3.800666666666667,1.0333333333333332,0.9466666666666667,0.8720000000000001,0.7893333333333333
10,T10_F136,477,3.7800000000000002,1.036,0.9380000000000001,0.854,0.77,3.800666666666667,1.0333333333333334,0.9466666666666668,0.8713333333333333,0.7886666666666667
10,T10_F137,478,3.7800000000000002,1.05,0.9380000000000001,0.868,0.798,3.8000000000000007,1.0319999999999998,0.9460000000000002,0.8706666666666665,0.788
10,T10_F138,479,4.018,1.05,0.966,0.882,0.784,3.8000000000000007,1.0326666666666664,0.9453333333333335,0.8713333333333333,0.788
10,T10_F139,480,3.794,1.036,0.966,0.882,0.798,3.6720000000000006,1.0319999999999998,0.9433333333333335,0.8706666666666666,0.7866666666666668
10,T10_F140,481,3.934,1.036,0.966,0.882,0.784,3.6720000000000006,1.0306666666666666,0.9426666666666667,0.87,0.7860000000000001
10,T10_F141,482,3.7800000000000002,1.022,0.91,0.854,0.77,3.674666666666667,1.0306666666666666,0.9426666666666667,0.8699999999999998,0.786
10,T10_F142,483,3.794,1.036,0.9380000000000001,0.868,0.784,3.674,1.03,0.942,0.8699999999999998,0.7860000000000001
10,T10_F143,484,3.7800000000000002,1.036,0.9380000000000001,0.868,0.798,3.6806666666666663,1.0313333333333332,0.9433333333333335,0.8706666666666666,0.7866666666666668
10,T10_F144,485,3.766,1.036,0.9520000000000001,0.882,0.798,3.5533333333333337,1.0293333333333332,0.9413333333333334,0.8693333333333333,0.7853333333333335
10,T10_F145,486,3.794,1.022,0.9520000000000001,0.868,0.784,3.554666666666666,1.0293333333333334,0.9420000000000002,0.8693333333333333,0.786
10,T10_F146,487,3.7800000000000002,1.022,0.9520000000000001,0.868,0.784,3.5579999999999994,1.0306666666666666,0.9433333333333335,0.8706666666666666,0.7866666666666668
10,T10_F147,488,3.766,1.008,0.9380000000000001,0.868,0.784,3.5573333333333337,1.03,0.9433333333333335,0.8720000000000001,0.7866666666666666
10,T10_F148,489,3.7800000000000002,1.036,0.924,0.882,0.784,3.556,1.0279999999999998,0.9420000000000002,0.8713333333333333,0.7853333333333333
10,T10_F149,490,1.092,1.008,0.896,0.854,0.77,3.5440000000000005,1.0273333333333334,0.9406666666666665,0.8713333333333334,0.7853333333333333
10,T10_F150,491,3.7800000000000002,1.022,0.9380000000000001,0.868,0.784,3.5440000000000005,1.0266666666666666,0.94,0.8713333333333336,0.7853333333333332
10,T10_F151,492,3.8360000000000003,1.036,0.9520000000000001,0.868,0.798,3.536666666666667,1.0253333333333332,0.9373333333333334,0.87,0.7846666666666667
10,T10_F152,493,3.7800000000000002,1.008,0.924,0.868,0.784,3.536666666666667,1.0246666666666666,0.9386666666666666,0.8706666666666665,0.7853333333333333
10,T10_F153,494,3.934,1.05,0.966,0.882,0.798,3.5353333333333334,1.022,0.9380000000000001,0.8699999999999998,0.7846666666666667
10,T10_F154,495,1.106,0.994,0.924,0.854,0.77,3.5346666666666673,1.022,0.9386666666666666,0.8706666666666666,0.7853333333333333
10,T10_F155,496,3.794,1.036,0.9520000000000001,0.868,0.784,3.5346666666666677,1.0213333333333332,0.9386666666666669,0.87,0.7853333333333333
10,T10_F156,497,3.85,1.064,0.98,0.896,0.812,3.533333333333334,1.0213333333333334,0.9373333333333336,0.8699999999999998,0.7853333333333333
10,T10_F157,498,3.766,1.022,0.9380000000000001,0.882,0.77,3.533333333333334,1.0213333333333332,0.9360000000000002,0.8699999999999998,0.7853333333333333
10,T10_F158,499,3.7520000000000002,1.008,0.91,0.854,0.77,3.534,1.0219999999999998,0.9359999999999999,0.8699999999999998,0.7853333333333333
10,T10_F159,500,3.766,1.036,0.9380000000000001,0.882,0.784,3.5346666666666664,1.0219999999999998,0.9373333333333334,0.87,0.786
10,T10_F160,501,3.794,1.022,0.9520000000000001,0.882,0.798,3.6626666666666665,1.0233333333333332,0.9400000000000001,0.8720000000000001,0.7880000000000003
10,T10_F161,502,3.7800000000000002,1.008,0.91,0.854,0.77,3.662,1.023333333333333,0.9400000000000001,0.8726666666666668,0.7886666666666665
10,T10_F162,503,3.7800000000000002,1.008,0.9380000000000001,0.868,0.784,3.6593333333333335,1.0233333333333334,0.9393333333333335,0.8726666666666667,0.788
10,T10_F163,504,3.766,0.98,0.924,0.854,0.77,3.658666666666667,1.0233333333333332,0.94,0.8726666666666665,0.7879999999999999
10,T10_F164,505,3.766,1.036,0.9520000000000001,0.882,0.812,3.651333333333334,1.0213333333333334,0.9386666666666665,0.8719999999999999,0.7873333333333334
10,T10_F165,506,3.766,1.022,0.9520000000000001,0.868,0.798,3.777333333333334,1.0226666666666666,0.9393333333333332,0.8726666666666665,0.788
10,T10_F166,507,3.766,1.022,0.924,0.868,0.784,3.776666666666667,1.0206666666666666,0.9373333333333334,0.8719999999999999,0.7873333333333334
10,T10_F167,508,3.7800000000000002,1.022,0.924,0.868,0.784,3.774,1.0186666666666664,0.9353333333333333,0.8706666666666665,0.7860000000000001
10,T10_F168,509,3.7800000000000002,1.022,0.9380000000000001,0.868,0.784,3.7746666666666666,1.0186666666666664,0.9353333333333333,0.8699999999999998,0.7873333333333334
10,T10_F169,510,3.794,1.036,0.9520000000000001,0.882,0.798,3.775333333333333,1.0186666666666664,0.9359999999999999,0.8699999999999998,0.7873333333333334
10,T10_F170,511,3.7800000000000002,1.036,0.9520000000000001,0.896,0.812,3.7760000000000002,1.0173333333333332,0.9359999999999999,0.8686666666666666,0.7866666666666666
10,T10_F171,512,3.766,1.022,0.9380000000000001,0.882,0.798,3.7753333333333337,1.0166666666666664,0.9360000000000002,0.8679999999999999,0.7866666666666668
10,T10_F172,513,3.7800000000000002,1.036,0.9380000000000001,0.868,0.784,3.7746666666666675,1.0166666666666664,0.9380000000000002,0.8686666666666666,0.788
10,T10_F173,514,3.766,1.008,0.9380000000000001,0.868,0.784,3.776000000000001,1.0186666666666666,0.9393333333333335,0.8699999999999998,0.7886666666666665
10,T10_F174,515,3.7800000000000002,1.008,0.9380000000000001,0.868,0.784,3.7766666666666673,1.0206666666666666,0.9406666666666669,0.8706666666666666,0.79
10,T10_F175,516,3.7520000000000002,1.022,0.9380000000000001,0.868,0.784,3.7760000000000002,1.0193333333333332,0.9393333333333335,0.8693333333333333,0.788
10,T10_F176,517,3.7800000000000002,0.994,0.91,0.854,0.77,3.776666666666667,1.02,0.9393333333333335,0.8693333333333333,0.7873333333333333
10,T10_F177,518,3.794,1.022,0.9380000000000001,0.868,0.784,3.777333333333334,1.0206666666666666,0.9406666666666669,0.8693333333333333,0.7866666666666666
10,T10_F178,519,3.7800000000000002,1.022,0.9380000000000001,0.868,0.798,3.7779999999999996,1.0213333333333334,0.9413333333333336,0.8693333333333332,0.7866666666666666
10,T10_F179,520,3.766,1.008,0.924,0.854,0.77,3.778666666666667,1.0213333333333334,0.9413333333333334,0.87,0.7866666666666666
10,T10_F180,521,3.7800000000000002,1.008,0.9380000000000001,0.854,0.77,3.7773333333333334,1.0206666666666666,0.94,0.8686666666666667,0.7840000000000001
10,T10_F181,522,3.7800000000000002,1.008,0.9520000000000001,0.868,0.798,3.776666666666667,1.0193333333333332,0.9386666666666666,0.8673333333333333,0.782
10,T10_F182,523,3.766,1.008,0.9520000000000001,0.868,0.798,3.777333333333334,1.02,0.9393333333333335,0.8666666666666665,0.7813333333333334
10,T10_F183,524,3.8080000000000003,1.05,0.966,0.896,0.798,3.7760000000000002,1.0179999999999998,0.9380000000000002,0.8653333333333332,0.7806666666666667
10,T10_F184,525,3.7800000000000002,1.022,0.9520000000000001,0.868,0.798,3.6493333333333338,1.018,0.9366666666666668,0.8646666666666666,0.7806666666666667
10,T10_F185,526,3.7520000000000002,1.008,0.924,0.854,0.77,3.6519999999999997,1.0193333333333332,0.9366666666666668,0.8646666666666666,0.7813333333333334
10,T10_F186,527,3.7800000000000002,1.036,0.9520000000000001,0.868,0.784,3.6526666666666663,1.02,0.9366666666666665,0.8646666666666666,0.7806666666666667
10,T10_F187,528,3.7800000000000002,1.036,0.9520000000000001,0.868,0.77,3.6533333333333333,1.0226666666666668,0.9386666666666666,0.8666666666666665,0.7826666666666666
10,T10_F188,529,3.794,1.036,0.9380000000000001,0.868,0.784,3.652000000000001,1.022,0.9386666666666666,0.8666666666666666,0.7833333333333333
10,T10_F189,530,3.794,1.022,0.9380000000000001,0.882,0.784,3.6526666666666667,1.0233333333333334,0.9393333333333335,0.8673333333333334,0.7833333333333333
10,T10_F190,531,3.766,1.022,0.924,0.854,0.742,3.6519999999999997,1.0226666666666666,0.9386666666666669,0.8666666666666668,0.7833333333333333
10,T10_F191,532,3.766,1.008,0.924,0.868,0.77,3.651333333333333,1.022,0.9380000000000001,0.8666666666666666,0.7833333333333333
10,T10_F192,533,3.7800000000000002,1.036,0.9520000000000001,0.868,0.784,3.6519999999999997,1.0233333333333334,0.9373333333333334,0.8666666666666666,0.7833333333333334
10,T10_F193,534,3.7520000000000002,0.994,0.91,0.84,0.77,3.652,1.024,0.9366666666666665,0.8653333333333332,0.782
10,T10_F194,535,1.106,1.008,0.91,0.854,0.784,3.6493333333333338,1.0213333333333332,0.9333333333333332,0.8626666666666667,0.7799999999999999
10,T10_F195,536,3.8360000000000003,1.036,0.9380000000000001,0.868,0.798,3.648,1.0193333333333334,0.9313333333333333,0.8606666666666667,0.7773333333333332
10,T10_F196,537,3.766,1.036,0.9380000000000001,0.868,0.77,3.650666666666667,1.0206666666666666,0.9320000000000002,0.8613333333333334,0.7779999999999999
10,T10_F197,538,3.794,1.05,0.9520000000000001,0.896,0.812,3.650666666666667,1.02,0.9306666666666666,0.8613333333333332,0.778
10,T10_F198,539,3.766,1.008,0.9380000000000001,0.868,0.798,3.650000000000001,1.0186666666666666,0.9306666666666666,0.8613333333333332,0.7793333333333337
10,T10_F199,540,3.794,1.05,0.9520000000000001,0.882,0.798,3.648666666666668,1.016,0.9293333333333335,0.86,0.7786666666666668
10,T10_F200,541,3.7520000000000002,0.994,0.91,0.84,0.77,3.648000000000001,1.0153333333333332,0.9293333333333335,0.8593333333333333,0.7786666666666667
10,T10_F201,542,3.766,0.994,0.924,0.854,0.77,3.648000000000001,1.0146666666666664,0.93,0.86,0.7800000000000001
10,T10_F202,543,3.794,1.036,0.9380000000000001,0.868,0.798,3.6493333333333333,1.016,0.9319999999999999,0.8599999999999998,0.7813333333333334
10,T10_F203,544,3.766,1.022,0.9380000000000001,0.84,0.77,3.648666666666667,1.016,0.9313333333333333,0.86,0.782
10,T10_F204,545,3.7520000000000002,0.994,0.896,0.84,0.756,3.6500000000000004,1.018,0.9319999999999999,0.8613333333333332,0.7826666666666666
10,T10_F205,546,3.7520000000000002,0.98,0.91,0.8260000000000001,0.742,3.6500000000000004,1.0173333333333334,0.9319999999999999,0.8619999999999999,0.7833333333333334
10,T10_F206,547,3.8080000000000003,1.036,0.9380000000000001,0.868,0.784,3.6466666666666665,1.0173333333333336,0.9319999999999999,0.8619999999999999,0.782
10,T10_F207,548,3.7800000000000002,1.022,0.924,0.868,0.784,3.648666666666667,1.0173333333333336,0.9326666666666668,0.8619999999999999,0.7826666666666666
10,T10_F208,549,3.766,1.008,0.9520000000000001,0.868,0.798,3.6486666666666667,1.0166666666666668,0.9326666666666668,0.8613333333333334,0.782
10,T10_F209,550,3.766,0.98,0.91,0.84,0.77,3.6493333333333338,1.0180000000000002,0.9333333333333336,0.8613333333333334,0.782
10,T10_F210,551,3.7800000000000002,1.008,0.9380000000000001,0.868,0.784,3.6493333333333333,1.0173333333333336,0.932666666666667,0.8613333333333334,0.7813333333333334
10,T10_F211,552,3.766,1.008,0.9380000000000001,0.868,0.77,3.6500000000000004,1.0180000000000002,0.9333333333333333,0.862,0.7806666666666667
10,T10_F212,553,3.794,1.036,0.966,0.868,0.798,3.6500000000000004,1.0193333333333334,0.9339999999999998,0.8626666666666667,0.782
10,T10_F213,554,3.766,1.036,0.9380000000000001,0.868,0.798,3.648666666666667,1.0186666666666666,0.9339999999999998,0.8626666666666665,0.7813333333333334
10,T10_F214,555,3.7800000000000002,1.036,0.924,0.868,0.784,3.648666666666667,1.0186666666666664,0.9339999999999998,0.8639999999999998,0.7820000000000003
10,T10_F215,556,1.106,0.994,0.91,0.868,0.798,3.6500000000000004,1.0206666666666664,0.9373333333333332,0.8666666666666666,0.7846666666666667
10,T10_F216,557,3.766,1.036,0.9380000000000001,0.868,0.77,3.652,1.0233333333333332,0.9386666666666666,0.8686666666666667,0.7866666666666666
10,T10_F217,558,3.8080000000000003,1.036,0.9520000000000001,0.868,0.784,3.6500000000000004,1.0226666666666666,0.9393333333333335,0.8693333333333333,0.7873333333333334
10,T10_F218,559,3.794,1.036,0.9520000000000001,0.882,0.798,3.648666666666666,1.022,0.9393333333333332,0.8686666666666667,0.7866666666666668
10,T10_F219,560,3.7800000000000002,1.036,0.9520000000000001,0.868,0.798,3.6499999999999995,1.024,0.9406666666666668,0.8693333333333333,0.7866666666666666
10,T10_F220,561,3.794,1.036,0.9380000000000001,0.882,0.784,3.6500000000000004,1.0253333333333334,0.9413333333333334,0.8706666666666666,0.788
10,T10_F221,562,3.766,1.008,0.924,0.854,0.756,3.651333333333334,1.0259999999999998,0.9426666666666668,0.8719999999999999,0.79
10,T10_F222,563,3.766,1.022,0.9380000000000001,0.868,0.798,3.6526666666666676,1.0279999999999998,0.9446666666666668,0.8726666666666667,0.792
10,T10_F223,564,3.766,1.022,0.9380000000000001,0.868,0.784,3.652,1.0266666666666666,0.9426666666666667,0.8720000000000001,0.7906666666666669
10,T10_F224,565,3.766,1.022,0.9380000000000001,0.868,0.784,3.6533333333333333,1.0273333333333332,0.9440000000000001,0.8733333333333333,0.7913333333333332
10,T10_F225,566,3.7800000000000002,1.036,0.966,0.896,0.812,3.6526666666666667,1.026,0.9440000000000001,0.8733333333333333,0.7913333333333332
10,T10_F226,567,3.794,1.036,0.9380000000000001,0.868,0.784,3.780666666666667,1.0286666666666666,0.9466666666666668,0.8746666666666666,0.7913333333333332
10,T10_F227,568,3.766,1.022,0.9520000000000001,0.882,0.798,3.7813333333333334,1.0286666666666668,0.9473333333333335,0.8753333333333334,0.7926666666666667
10,T10_F228,569,3.7520000000000002,1.008,0.924,0.854,0.77,3.7800000000000002,1.0279999999999998,0.9460000000000002,0.8753333333333334,0.7926666666666667
10,T10_F229,570,3.794,1.05,0.98,0.882,0.798,3.778666666666667,1.0266666666666666,0.9453333333333334,0.874,0.7913333333333334
10,T10_F230,571,3.766,1.008,0.924,0.868,0.798,3.7786666666666675,1.026,0.9446666666666668,0.874,0.7913333333333334
10,T10_F231,572,3.8080000000000003,1.022,0.966,0.896,0.8260000000000001,3.651333333333334,1.0246666666666666,0.9446666666666665,0.8733333333333332,0.7913333333333334
10,T10_F232,573,3.794,1.05,0.98,0.882,0.812,3.651333333333334,1.0246666666666666,0.9446666666666665,0.8733333333333332,0.792
10,T10_F233,574,3.7800000000000002,1.008,0.924,0.854,0.77,3.6526666666666676,1.0253333333333334,0.9439999999999997,0.8733333333333332,0.7913333333333332
10,T10_F234,575,3.794,1.05,0.966,0.896,0.812,3.6533333333333338,1.0246666666666666,0.9433333333333332,0.8726666666666665,0.7906666666666669
10,T10_F235,576,3.766,1.008,0.924,0.868,0.784,3.654,1.0253333333333334,0.9433333333333332,0.8733333333333333,0.7913333333333334
10,T10_F236,577,3.794,1.05,0.966,0.896,0.798,3.6533333333333338,1.0246666666666666,0.9419999999999998,0.8720000000000001,0.79
10,T10_F237,578,3.7800000000000002,1.036,0.9520000000000001,0.882,0.798,3.6540000000000004,1.0253333333333334,0.9433333333333332,0.8719999999999999,0.7900000000000001
10,T10_F238,579,3.7800000000000002,1.022,0.924,0.868,0.784,3.655333333333334,1.0260000000000002,0.9426666666666667,0.8719999999999999,0.7893333333333333
10,T10_F239,580,3.766,1.008,0.9380000000000001,0.854,0.77,3.656666666666667,1.0266666666666666,0.9433333333333332,0.8726666666666667,0.7900000000000001
10,T10_F240,581,3.7800000000000002,1.022,0.9380000000000001,0.868,0.798,3.6553333333333335,1.026,0.9406666666666665,0.8719999999999999,0.7886666666666668
10,T10_F241,582,1.12,1.008,0.9380000000000001,0.868,0.784,3.657333333333334,1.0273333333333334,0.942,0.8726666666666665,0.7886666666666668
10,T10_F242,583,3.766,1.008,0.924,0.854,0.77,3.655333333333334,1.0273333333333334,0.9406666666666665,0.8713333333333333,0.7866666666666666
10,T10_F243,584,3.794,1.036,0.924,0.868,0.784,3.5286666666666675,1.0253333333333334,0.9380000000000001,0.87,0.7846666666666667
10,T10_F244,585,3.7800000000000002,1.008,0.924,0.854,0.77,3.528666666666667,1.0266666666666668,0.9393333333333335,0.8706666666666665,0.7853333333333333
10,T10_F245,586,3.7800000000000002,1.036,0.9380000000000001,0.882,0.798,3.527333333333334,1.0246666666666666,0.9380000000000001,0.8693333333333332,0.7833333333333334
10,T10_F246,587,3.766,1.022,0.9380000000000001,0.868,0.784,3.529333333333334,1.0273333333333332,0.9400000000000003,0.87,0.7833333333333333
10,T10_F247,588,3.8080000000000003,1.05,0.966,0.868,0.784,3.529333333333334,1.0266666666666668,0.9400000000000001,0.8686666666666666,0.7826666666666666
10,T10_F248,589,3.794,1.036,0.9380000000000001,0.882,0.784,3.528666666666667,1.0253333333333334,0.9386666666666669,0.8666666666666666,0.7806666666666667
10,T10_F249,590,3.7800000000000002,1.022,0.9380000000000001,0.868,0.784,3.5273333333333334,1.0246666666666666,0.9386666666666666,0.8659999999999999,0.7793333333333333
10,T10_F250,591,3.766,1.036,0.924,0.868,0.77,3.5273333333333334,1.0246666666666666,0.9386666666666666,0.8666666666666666,0.7806666666666667
10,T10_F251,592,3.8080000000000003,1.036,0.9520000000000001,0.882,0.798,3.5273333333333334,1.0253333333333334,0.9393333333333335,0.8666666666666665,0.7799999999999999
10,T10_F252,593,3.766,1.022,0.9380000000000001,0.868,0.784,3.6533333333333338,1.0253333333333332,0.9386666666666666,0.8666666666666665,0.7799999999999999
10,T10_F253,594,1.1340000000000001,1.008,0.924,0.854,0.77,3.6540000000000004,1.0266666666666666,0.9386666666666666,0.8659999999999999,0.7793333333333333
10,T10_F254,595,3.7800000000000002,1.036,0.9520000000000001,0.868,0.784,3.6526666666666667,1.026,0.9393333333333332,0.8659999999999999,0.7800000000000001
10,T10_F255,596,3.766,1.008,0.9380000000000001,0.868,0.77,3.652000000000001,1.026,0.94,0.8666666666666666,0.7806666666666667
10,T10_F256,597,3.8080000000000003,1.064,0.966,0.882,0.784,3.651333333333334,1.0246666666666666,0.94,0.8659999999999999,0.7800000000000001
10,T10_F257,598,3.794,1.036,0.966,0.868,0.784,3.652000000000001,1.0239999999999998,0.9386666666666665,0.8653333333333332,0.7786666666666667
10,T10_F258,599,3.766,1.008,0.924,0.84,0.756,3.6506666666666674,1.023333333333333,0.9373333333333332,0.8646666666666666,0.7780000000000002
10,T10_F259,600,3.7520000000000002,1.008,0.924,0.854,0.756,3.6486666666666667,1.0213333333333332,0.9359999999999999,0.8626666666666667,0.7773333333333334
10,T10_F260,601,3.766,1.008,0.9380000000000001,0.868,0.798,3.648,1.0206666666666666,0.9353333333333333,0.8626666666666667,0.7766666666666667
10,T10_F261,602,3.7800000000000002,1.036,0.9520000000000001,0.868,0.784,3.6486666666666667,1.0193333333333332,0.9353333333333333,0.8626666666666665,0.7773333333333332
10,T10_F262,603,3.766,1.008,0.924,0.868,0.784,3.648,1.0186666666666664,0.9346666666666665,0.8613333333333331,0.7766666666666666
10,T10_F263,604,3.7800000000000002,1.036,0.924,0.84,0.756,3.6493333333333333,1.0193333333333332,0.9353333333333333,0.8613333333333332,0.7766666666666667
10,T10_F264,605,3.766,1.022,0.9380000000000001,0.868,0.798,3.778666666666666,1.0213333333333332,0.9373333333333334,0.8639999999999999,0.778
10,T10_F265,606,3.766,1.008,0.9380000000000001,0.868,0.784,3.648666666666666,1.0173333333333336,0.9333333333333333,0.862,0.7760000000000001
10,T10_F266,607,3.766,1.008,0.9380000000000001,0.868,0.784,3.6486666666666667,1.0173333333333334,0.9333333333333333,0.8619999999999999,0.7766666666666666
10,T10_F267,608,3.7800000000000002,1.008,0.91,0.854,0.756,3.647333333333333,1.0146666666666668,0.9313333333333331,0.8606666666666666,0.7760000000000001
10,T10_F268,609,3.7800000000000002,1.036,0.9380000000000001,0.854,0.77,3.646,1.0139999999999998,0.9299999999999999,0.8613333333333334,0.7766666666666666
10,T10_F269,610,3.7520000000000002,0.994,0.91,0.84,0.77,3.6473333333333335,1.0146666666666666,0.9306666666666665,0.8626666666666667,0.778
10,T10_F270,611,3.766,1.008,0.924,0.868,0.77,3.647333333333333,1.0133333333333332,0.93,0.8633333333333331,0.7793333333333334
10,T10_F271,612,3.7800000000000002,1.008,0.924,0.868,0.784,3.6493333333333338,1.016,0.9313333333333333,0.8646666666666666,0.7793333333333333
10,T10_F272,613,3.794,1.022,0.9380000000000001,0.854,0.784,3.648666666666667,1.0153333333333332,0.93,0.8646666666666666,0.7793333333333334
10,T10_F273,614,3.794,1.036,0.9520000000000001,0.868,0.784,3.648666666666667,1.0159999999999998,0.9306666666666666,0.8639999999999999,0.7793333333333334
10,T10_F274,615,3.85,1.05,0.966,0.91,0.798,3.516666666666667,1.0093333333333332,0.9246666666666666,0.8593333333333333,0.774
10,T10_F275,616,1.05,0.9520000000000001,0.868,0.8260000000000001,0.742,3.382,1.0,0.9159999999999998,0.8520000000000001,0.7660000000000001
10,T10_F276,617,3.766,1.008,0.9380000000000001,0.868,0.784,3.3806666666666665,0.9979999999999999,0.9133333333333334,0.8493333333333333,0.7633333333333335
10,T10_F277,618,3.7800000000000002,1.008,0.924,0.854,0.77,3.2520000000000002,0.9960000000000002,0.9099999999999999,0.8466666666666667,0.7600000000000001
10,T10_F278,619,3.766,1.022,0.9380000000000001,0.882,0.798,3.25,0.9933333333333335,0.9079999999999999,0.8440000000000002,0.7580000000000001
10,T10_F279,620,3.794,1.022,0.9380000000000001,0.868,0.784,3.250000000000001,0.9926666666666668,0.9079999999999999,0.8439999999999999,0.7586666666666668
10,T10_F280,621,3.7520000000000002,0.98,0.91,0.868,0.784,3.2506666666666666,0.9933333333333335,0.9086666666666665,0.8446666666666667,0.7586666666666668
10,T10_F281,622,3.8080000000000003,1.064,0.966,0.896,0.798,3.250666666666667,0.994,0.9106666666666666,0.8446666666666665,0.76
10,T10_F282,623,3.766,1.022,0.924,0.868,0.784,3.2486666666666664,0.9919999999999999,0.9086666666666668,0.8426666666666666,0.7580000000000001
10,T10_F283,624,3.766,1.022,0.9380000000000001,0.854,0.784,3.2473333333333336,0.9913333333333332,0.9080000000000003,0.842,0.7573333333333333
10,T10_F284,625,1.008,0.896,0.798,0.742,0.644,3.246666666666667,0.9906666666666666,0.9066666666666666,0.8413333333333333,0.7566666666666665
10,T10_F285,626,0.9380000000000001,0.8260000000000001,0.756,0.714,0.63,3.244666666666667,0.9913333333333332,0.9073333333333332,0.8406666666666667,0.7573333333333332
10,T10_F286,627,3.738,0.966,0.882,0.812,0.728,3.374666666666667,0.9953333333333334,0.9113333333333334,0.8433333333333334,0.7593333333333334
10,T10_F287,628,1.064,0.966,0.868,0.812,0.714,3.3766666666666674,0.9979999999999999,0.9133333333333334,0.8446666666666668,0.7593333333333333
10,T10_F288,629,3.738,0.9520000000000001,0.868,0.798,0.714,3.3773333333333335,0.9993333333333334,0.9139999999999999,0.8453333333333333,0.76
10,T10_F289,630,3.7800000000000002,1.022,0.9380000000000001,0.854,0.784,3.3786666666666667,1.000666666666667,0.9153333333333334,0.8453333333333333,0.7606666666666667
10,T10_F290,631,3.766,1.008,0.924,0.854,0.77,3.3786666666666667,1.0006666666666668,0.9153333333333332,0.8453333333333333,0.76
10,T10_F291,632,3.766,1.022,0.966,0.868,0.798,3.3793333333333337,1.002,0.916,0.8446666666666667,0.76
10,T10_F292,633,3.738,0.966,0.882,0.8260000000000001,0.742,3.3773333333333335,0.9993333333333332,0.9146666666666666,0.8426666666666668,0.7586666666666667
10,T10_F293,634,3.766,1.008,0.924,0.84,0.77,3.378,1.0,0.916,0.8426666666666666,0.758
10,T10_F294,635,3.7800000000000002,1.022,0.924,0.854,0.77,3.378,0.9993333333333332,0.9146666666666667,0.8426666666666666,0.7566666666666667
10,T10_F295,636,3.8080000000000003,1.064,0.98,0.896,0.812,3.513333333333333,1.006,0.922,0.8493333333333333,0.7633333333333334
10,T10_F296,637,3.7800000000000002,1.036,0.9520000000000001,0.882,0.784,3.648,1.0146666666666666,0.9306666666666666,0.8566666666666666,0.7713333333333333
10,T10_F297,638,3.8080000000000003,1.064,0.98,0.896,0.784,3.6500000000000004,1.0180000000000002,0.934,0.8593333333333332,0.774
10,T10_F298,639,3.794,1.036,0.9380000000000001,0.868,0.784,3.7786666666666675,1.0206666666666666,0.9380000000000002,0.8619999999999999,0.7773333333333334
10,T10_F299,640,3.794,1.05,0.966,0.882,0.812,3.7800000000000002,1.024,0.9406666666666668,0.8653333333333332,0.7800000000000001
10,T10_F300,641,3.794,1.022,0.9380000000000001,0.868,0.77,3.7806666666666677,1.0246666666666666,0.9413333333333336,0.8666666666666666,0.7806666666666667
10,T10_F301,642,3.766,1.008,0.924,0.854,0.784,3.7806666666666677,1.0253333333333334,0.9420000000000002,0.8673333333333333,0.7813333333333334
10,T10_F302,643,3.766,1.008,0.9380000000000001,0.854,0.77,3.7820000000000005,1.0266666666666666,0.9413333333333336,0.8680000000000001,0.782
10,T10_F303,644,3.7800000000000002,1.036,0.9520000000000001,0.868,0.77,3.7846666666666664,1.0306666666666668,0.9446666666666669,0.8713333333333334,0.7853333333333333
10,T10_F304,645,3.766,1.008,0.91,0.854,0.756,3.7853333333333334,1.0320000000000003,0.9453333333333335,0.8726666666666667,0.786
10,T10_F305,646,3.85,1.036,0.9520000000000001,0.882,0.784,3.7853333333333334,1.0313333333333334,0.9453333333333335,0.8726666666666665,0.7866666666666666
10,T10_F306,647,3.766,1.008,0.9380000000000001,0.868,0.798,3.7846666666666664,1.0293333333333334,0.9433333333333335,0.8706666666666666,0.7853333333333333
10,T10_F307,648,3.7800000000000002,1.036,0.9520000000000001,0.868,0.784,3.6559999999999997,1.0273333333333332,0.9413333333333332,0.8693333333333333,0.7846666666666667
10,T10_F308,649,3.766,1.022,0.9520000000000001,0.868,0.784,3.6553333333333335,1.0253333333333334,0.9386666666666666,0.8679999999999999,0.7846666666666667
10,T10_F309,650,3.766,1.022,0.924,0.868,0.77,3.6553333333333335,1.0253333333333334,0.9393333333333335,0.8673333333333331,0.7840000000000001
10,T10_F310,651,3.794,1.036,0.9520000000000001,0.882,0.798,3.654666666666667,1.0233333333333332,0.9380000000000001,0.8659999999999999,0.7826666666666666
10,T10_F311,652,3.766,1.022,0.9380000000000001,0.868,0.784,3.6533333333333338,1.0213333333333334,0.9360000000000002,0.8639999999999999,0.7806666666666667
10,T10_F312,653,3.794,1.05,0.9520000000000001,0.882,0.812,3.654666666666667,1.0219999999999998,0.9373333333333336,0.8653333333333335,0.7800000000000001
10,T10_F313,654,3.794,1.05,0.9520000000000001,0.896,0.812,3.654666666666667,1.0213333333333334,0.9366666666666668,0.8646666666666667,0.7793333333333333
10,T10_F314,655,3.7800000000000002,1.036,0.9380000000000001,0.868,0.784,3.6533333333333333,1.0193333333333332,0.9346666666666669,0.8633333333333335,0.7786666666666667
10,T10_F315,656,3.7800000000000002,1.008,0.924,0.854,0.784,3.6533333333333338,1.0193333333333332,0.9360000000000002,0.8633333333333333,0.7793333333333333
10,T10_F316,657,3.794,1.022,0.9380000000000001,0.854,0.784,3.5220000000000002,1.0173333333333332,0.9333333333333333,0.8613333333333334,0.7786666666666667
10,T10_F317,658,1.078,0.994,0.91,0.854,0.77,3.5220000000000002,1.0186666666666666,0.9326666666666666,0.8613333333333332,0.778
10,T10_F318,659,3.794,1.022,0.924,0.868,0.784,3.5220000000000002,1.0186666666666666,0.9333333333333333,0.862,0.7786666666666667
10,T10_F319,660,3.794,1.036,0.9520000000000001,0.854,0.77,3.523333333333333,1.0186666666666666,0.9326666666666668,0.8626666666666667,0.7786666666666667
10,T10_F320,661,3.7800000000000002,1.008,0.9380000000000001,0.854,0.784,3.522666666666666,1.0173333333333334,0.9320000000000002,0.862,0.7786666666666668
10,T10_F321,662,3.766,0.98,0.896,0.8260000000000001,0.728,3.523333333333334,1.0173333333333336,0.9320000000000002,0.8613333333333332,0.778
10,T10_F322,663,3.794,1.022,0.9520000000000001,0.882,0.77,3.3966666666666665,1.0153333333333332,0.9300000000000003,0.86,0.7773333333333334
10,T10_F323,664,3.766,0.994,0.924,0.84,0.756,3.3953333333333338,1.014,0.9293333333333335,0.8593333333333332,0.776
10,T10_F324,665,3.7520000000000002,0.994,0.91,0.84,0.756,3.3953333333333338,1.0133333333333334,0.9293333333333336,0.8579999999999999,0.7753333333333335
10,T10_F325,666,3.766,1.008,0.9380000000000001,0.854,0.77,3.394666666666667,1.012,0.9293333333333335,0.8579999999999999,0.7760000000000001
10,T10_F326,667,1.092,0.994,0.896,0.84,0.77,3.3940000000000006,1.0126666666666666,0.93,0.8586666666666665,0.7760000000000001
10,T10_F327,668,3.766,1.036,0.924,0.868,0.784,3.3933333333333335,1.0139999999999998,0.9299999999999999,0.8593333333333332,0.7760000000000001
10,T10_F328,669,3.7800000000000002,1.036,0.966,0.882,0.798,3.522666666666667,1.016,0.9319999999999999,0.8606666666666666,0.778
10,T10_F329,670,3.794,1.022,0.9380000000000001,0.882,0.784,3.523333333333334,1.0173333333333334,0.9340000000000002,0.862,0.7786666666666668
10,T10_F330,671,3.7520000000000002,0.994,0.91,0.854,0.77,3.523333333333334,1.018,0.9340000000000004,0.8626666666666667,0.7800000000000001
10,T10_F331,672,3.8080000000000003,1.036,0.9520000000000001,0.868,0.784,3.523333333333334,1.0180000000000002,0.9333333333333336,0.8633333333333331,0.7799999999999999
10,T10_F332,673,1.106,0.98,0.896,0.84,0.77,3.524,1.0193333333333334,0.934,0.8639999999999999,0.7813333333333334
10,T10_F333,674,3.766,1.022,0.9380000000000001,0.868,0.784,3.523333333333333,1.0186666666666666,0.9333333333333332,0.8633333333333333,0.7813333333333334
10,T10_F334,675,3.794,1.036,0.9520000000000001,0.868,0.798,3.524,1.0206666666666666,0.9346666666666669,0.8653333333333334,0.7826666666666666
10,T10_F335,676,3.766,1.008,0.9380000000000001,0.868,0.798,3.5266666666666673,1.0226666666666668,0.9366666666666668,0.8666666666666666,0.7840000000000001
10,T10_F336,677,3.766,1.022,0.9380000000000001,0.868,0.784,3.527333333333334,1.0233333333333334,0.9373333333333336,0.8666666666666666,0.7846666666666667
10,T10_F337,678,3.7800000000000002,1.05,0.9380000000000001,0.868,0.784,3.655333333333334,1.0260000000000002,0.9413333333333336,0.8686666666666667,0.786
10,T10_F338,679,3.794,1.036,0.9520000000000001,0.882,0.812,3.655333333333334,1.0253333333333334,0.9413333333333336,0.8680000000000001,0.7853333333333333
10,T10_F339,680,3.8080000000000003,1.05,0.966,0.896,0.798,3.6546666666666674,1.0246666666666666,0.94,0.8673333333333333,0.7846666666666667
10,T10_F340,681,3.794,1.05,0.9520000000000001,0.868,0.798,3.6540000000000012,1.0246666666666666,0.94,0.8659999999999999,0.7840000000000001
10,T10_F341,682,3.7800000000000002,1.008,0.924,0.868,0.784,3.655333333333334,1.0266666666666666,0.942,0.8666666666666665,0.7846666666666667
10,T10_F342,683,3.7800000000000002,1.008,0.91,0.84,0.756,3.6540000000000004,1.0259999999999998,0.9413333333333334,0.8666666666666665,0.7846666666666667
10,T10_F343,684,3.7800000000000002,1.008,0.9380000000000001,0.868,0.77,3.7806666666666677,1.0279999999999998,0.9433333333333332,0.8679999999999998,0.786
10,T10_F344,685,3.7800000000000002,1.036,0.9520000000000001,0.882,0.784,3.781333333333334,1.0286666666666666,0.9433333333333332,0.8679999999999999,0.786
10,T10_F345,686,3.8080000000000003,1.036,0.9520000000000001,0.868,0.784,3.7786666666666675,1.0260000000000002,0.9393333333333331,0.8653333333333334,0.7826666666666668
10,T10_F346,687,3.7800000000000002,1.022,0.9520000000000001,0.854,0.784,3.779333333333334,1.0266666666666666,0.9393333333333331,0.8646666666666667,0.7813333333333334
10,T10_F347,688,3.7800000000000002,1.05,0.98,0.882,0.798,3.7800000000000002,1.028,0.94,0.8646666666666666,0.7813333333333334
10,T10_F348,689,3.766,1.022,0.924,0.854,0.77,3.652,1.026,0.9386666666666666,0.8633333333333333,0.7806666666666667
10,T10_F349,690,3.766,1.022,0.9380000000000001,0.868,0.784,3.6500000000000004,1.0246666666666666,0.9373333333333334,0.8619999999999999,0.7786666666666667
10,T10_F350,691,3.7800000000000002,1.022,0.9380000000000001,0.854,0.77,3.6486666666666667,1.0233333333333332,0.9353333333333335,0.86,0.7773333333333334
10,T10_F351,692,3.7800000000000002,1.036,0.9520000000000001,0.868,0.784,3.6486666666666667,1.0213333333333332,0.9339999999999998,0.8593333333333333,0.776
10,T10_F352,693,3.7800000000000002,1.022,0.9380000000000001,0.868,0.784,3.521333333333333,1.0199999999999998,0.9326666666666668,0.8579999999999999,0.7746666666666665
10,T10_F353,694,3.766,1.022,0.9380000000000001,0.868,0.798,3.521333333333333,1.0213333333333332,0.9346666666666669,0.86,0.7773333333333332
10,T10_F354,695,3.7800000000000002,1.036,0.9380000000000001,0.868,0.784,3.520666666666667,1.0206666666666666,0.9320000000000003,0.8586666666666667,0.7766666666666666
10,T10_F355,696,3.738,0.98,0.868,0.812,0.728,3.52,1.0186666666666668,0.9300000000000003,0.8573333333333333,0.776
10,T10_F356,697,3.7800000000000002,1.022,0.9380000000000001,0.854,0.77,3.5180000000000007,1.018,0.9286666666666668,0.8566666666666666,0.7753333333333333
10,T10_F357,698,3.7800000000000002,1.05,0.9520000000000001,0.868,0.784,3.517333333333334,1.0166666666666668,0.9266666666666667,0.8566666666666666,0.7739999999999999
10,T10_F358,699,1.092,1.008,0.91,0.84,0.77,3.5186666666666673,1.0166666666666666,0.9253333333333335,0.8559999999999998,0.7733333333333332
10,T10_F359,700,3.7520000000000002,1.008,0.924,0.854,0.77,3.5186666666666673,1.0166666666666666,0.9253333333333335,0.8566666666666665,0.774
10,T10_F360,701,3.7800000000000002,1.022,0.924,0.854,0.77,3.5186666666666673,1.016,0.9246666666666666,0.8566666666666665,0.7733333333333334
10,T10_F361,702,3.794,1.008,0.924,0.854,0.77,3.5186666666666673,1.0166666666666668,0.9246666666666666,0.8573333333333333,0.774
10,T10_F362,703,1.106,0.98,0.896,0.84,0.756,3.5186666666666673,1.0166666666666668,0.924,0.856,0.774
10,T10_F363,704,3.7800000000000002,1.036,0.9520000000000001,0.882,0.812,3.5186666666666664,1.0173333333333334,0.9239999999999998,0.856,0.774
10,T10_F364,705,3.766,0.994,0.882,0.84,0.756,3.5186666666666673,1.0166666666666668,0.9226666666666665,0.8546666666666667,0.7726666666666668
10,T10_F365,706,3.766,0.994,0.91,0.854,0.77,3.5180000000000007,1.0153333333333334,0.9219999999999999,0.8546666666666665,0.7720000000000001
10,T10_F366,707,3.766,1.022,0.924,0.854,0.77,3.5186666666666673,1.016,0.924,0.856,0.774
10,T10_F367,708,3.766,0.994,0.91,0.854,0.756,3.3866666666666663,1.0113333333333334,0.92,0.8526666666666666,0.7706666666666667
10,T10_F368,709,3.8080000000000003,1.05,0.9520000000000001,0.868,0.784,3.2559999999999993,1.0066666666666666,0.9159999999999998,0.8500000000000001,0.7686666666666666
10,T10_F369,710,3.766,1.022,0.924,0.868,0.784,3.384666666666667,1.0066666666666666,0.9166666666666665,0.8506666666666667,0.7686666666666666
10,T10_F370,711,3.766,1.008,0.924,0.868,0.77,3.3866666666666667,1.0086666666666668,0.9179999999999999,0.852,0.7700000000000001
10,T10_F371,712,3.7800000000000002,1.036,0.9380000000000001,0.868,0.784,3.3873333333333333,1.0093333333333334,0.92,0.8526666666666666,0.7706666666666667
10,T10_F372,713,3.7800000000000002,1.036,0.9380000000000001,0.84,0.784,3.3859999999999997,1.0093333333333336,0.9200000000000002,0.8526666666666665,0.7706666666666667
10,T10_F373,714,3.7800000000000002,1.036,0.9380000000000001,0.868,0.784,3.512666666666667,1.0113333333333334,0.922,0.8539999999999999,0.7726666666666666
10,T10_F374,715,3.766,1.008,0.91,0.84,0.77,3.3866666666666667,1.0106666666666666,0.9213333333333333,0.8533333333333333,0.7713333333333333
10,T10_F375,716,3.766,1.008,0.924,0.868,0.77,3.3893333333333335,1.0133333333333334,0.9259999999999999,0.856,0.774
10,T10_F376,717,3.7520000000000002,0.994,0.91,0.84,0.77,3.3893333333333335,1.0146666666666664,0.9273333333333331,0.856,0.774
10,T10_F377,718,1.008,0.924,0.854,0.784,0.7000000000000001,3.3899999999999997,1.0146666666666664,0.9286666666666668,0.8566666666666666,0.7746666666666667
10,T10_F378,719,1.036,0.9520000000000001,0.868,0.812,0.742,3.3906666666666663,1.0159999999999998,0.9306666666666669,0.8573333333333333,0.7760000000000001
10,T10_F379,720,3.794,1.008,0.924,0.854,0.77,3.390666666666667,1.0153333333333332,0.930666666666667,0.8579999999999999,0.7766666666666667
10,T10_F380,721,3.794,1.05,0.9520000000000001,0.882,0.798,3.3913333333333333,1.0153333333333332,0.9313333333333335,0.858,0.7766666666666667
10,T10_F381,722,3.794,1.036,0.966,0.868,0.784,3.3926666666666665,1.0166666666666666,0.9319999999999999,0.8579999999999999,0.7766666666666667
10,T10_F382,723,3.766,1.008,0.924,0.854,0.77,3.392000000000001,1.016,0.9326666666666668,0.8579999999999999,0.7760000000000001
10,T10_F383,724,3.766,1.022,0.9380000000000001,0.868,0.798,3.392,1.0146666666666666,0.9319999999999999,0.8593333333333332,0.7753333333333333
10,T10_F384,725,1.1340000000000001,1.022,0.9380000000000001,0.868,0.784,3.392,1.0146666666666666,0.9333333333333336,0.8606666666666666,0.7753333333333333
10,T10_F385,726,3.822,1.05,0.98,0.896,0.812,3.391333333333333,1.014,0.9333333333333333,0.8600000000000001,0.7739999999999999
10,T10_F386,727,3.766,1.022,0.9380000000000001,0.854,0.77,3.392,1.0139999999999998,0.9346666666666669,0.8593333333333333,0.7746666666666665
10,T10_F387,728,3.7800000000000002,1.022,0.9520000000000001,0.868,0.784,3.3933333333333335,1.0146666666666666,0.9360000000000002,0.8606666666666666,0.7753333333333333
10,T10_F388,729,3.7800000000000002,1.022,0.9520000000000001,0.868,0.784,3.401333333333334,1.02,0.9413333333333336,0.8653333333333334,0.7800000000000001
10,T10_F389,730,3.8080000000000003,1.036,0.9520000000000001,0.882,0.798,3.532666666666666,1.0246666666666666,0.9460000000000002,0.8693333333333333,0.7826666666666668
10,T10_F390,731,3.7800000000000002,1.022,0.9380000000000001,0.868,0.784,3.5195999999999996,1.0255,0.9471000000000002,0.8701000000000001,0.7833
10,T10_F391,732,3.794,1.036,0.9380000000000001,0.868,0.77,3.505157894736842,1.0242105263157895,0.946842105263158,0.8694736842105263,0.7825263157894737
10,T10_F392,733,3.766,1.022,0.9520000000000001,0.868,0.77,3.4891111111111113,1.0235555555555558,0.9457777777777778,0.8695555555555556,0.7824444444444444
10,T10_F393,734,3.7800000000000002,1.008,0.924,0.868,0.77,3.4728235294117646,1.0244705882352942,0.9470588235294118,0.8704705882352942,0.7831764705882354
10,T10_F394,735,3.7800000000000002,1.036,0.966,0.896,0.784,3.4545,1.024625,0.947625,0.870625,0.7822500000000001
10,T10_F395,736,3.7520000000000002,0.994,0.91,0.8260000000000001,0.742,3.6092000000000004,1.0248,0.9482666666666666,0.8708000000000001,0.7821333333333335
10,T10_F396,737,3.7800000000000002,1.008,0.9520000000000001,0.854,0.784,3.5940000000000003,1.0230000000000001,0.946,0.869,0.7800000000000001
10,T10_F397,738,3.7800000000000002,1.008,0.9380000000000001,0.868,0.784,3.580769230769231,1.023076923076923,0.9466153846153845,0.8701538461538461,0.7807692307692308
10,T10_F398,739,1.176,1.036,0.966,0.882,0.798,3.564166666666667,1.0231666666666668,0.9461666666666666,0.8703333333333334,0.7805
10,T10_F399,740,3.794,1.05,0.966,0.896,0.798,3.544545454545455,1.0232727272727271,0.9456363636363636,0.8705454545454546,0.7801818181818182
