cohort_id,model_id,sample_count,mae_mm,rmse_mm,median_absolute_error_mm,p90_absolute_error_mm,maximum_absolute_error_mm,signed_bias_mm,r_squared,pearson_correlation,spearman_correlation
cohort_A,cohort_a_training_mean,372,0.12068418279569891,0.15888386173801994,0.09655746666666659,0.25981946666666667,0.6142174666666667,0.06061242365591392,-0.17032124139499127,,
cohort_A,cohort_a_x_only,372,0.12031881266102584,0.15949946665191936,0.0934378372666847,0.2637240066328529,0.6291246747033694,0.06006573667306821,-0.17940776815575066,-0.052620993010844094,-0.004356277913127405
cohort_A,cohort_a_fixed_thermal_shape_ridge,372,0.11748425609705988,0.14991076503371192,0.1007034484379351,0.23766929578397006,0.5822512230794318,0.00591545515018549,-0.04186429424659055,-0.043632574140501416,-0.042367847728855795
cohort_B,cohort_b_training_mean,233,0.11248122827807107,0.14519507313155966,0.08941293215339241,0.24109306784660764,0.4680670678466077,0.049888707331586124,-0.13386326997698905,,
cohort_B,cohort_b_x_only,233,0.11185614898114499,0.14462020877990694,0.08971929276614787,0.2418340941499763,0.47550388231919516,0.04920736412382336,-0.12490253593193712,0.07903440967277206,0.10093415123897964
cohort_B,cohort_b_fixed_thermal_shape_ridge,233,0.10845093278817483,0.13864234253077373,0.09021432461659484,0.21853602987469264,0.4877470154318163,0.016892991916309316,-0.033828982105084116,0.04568946654501237,0.07565803989083751
cohort_B,cohort_b_sem_summary_ridge,233,0.10983675096697063,0.13971431225746028,0.08750319197100509,0.2245241404637186,0.4374409882626914,0.030480676864670896,-0.049877726375740394,0.058703821088750524,0.05826858758884741
cohort_B,cohort_b_thermal_plus_sem_summary_ridge,233,0.110342590016758,0.14140668398151957,0.09093627061358633,0.23062456354702696,0.5001324097394777,0.030953682149769696,-0.0754662937234667,0.06680486367424446,0.07009430694531141
cohort_B,cohort_b_sem_summary_upstream_ridge,233,0.11059973295060717,0.1400964912328529,0.09205494244124812,0.22588517648485484,0.4306126953092019,0.025527473116296745,-0.05562932005610377,0.02808862086569705,0.04020649709802997
