model_id,aggregation,sample_count,mae,rmse,median_absolute_error,p90_absolute_error,maximum_absolute_error,signed_bias,r_squared,pearson_correlation,spearman_correlation,unweighted_track_mae,improves_all_three_tracks,improves_corresponding_unimodal_all_three_tracks
fixed_thermal_shape_ridge,pooled,678,0.10026941301618346,0.1289996489769902,0.08358066751219312,0.19495168799327192,0.6879168575481082,-0.004144287230261351,-0.018998022138166926,0.05117747566719135,0.07538393813991587,0.10023207466388084,False,False
sem_pca_ridge,pooled,678,0.11102178352404175,0.13823823475650718,0.09629271877992523,0.22076970994749867,0.644418382458133,-0.0273235935037917,-0.17017992364711865,-0.1263318463492391,-0.14699762148059226,0.11076637091977737,False,False
sem_pca_upstream_ridge,pooled,678,0.10717508197263914,0.1342881752279683,0.09452099539374897,0.2140705244417657,0.6429574719935301,-0.02160215376536078,-0.10426124096376332,-0.05390192483937516,-0.05998150836955902,0.10700217535112609,False,False
sem_summary_ridge,pooled,678,0.09852262201698156,0.12608760224423288,0.08366611332676555,0.18984336152044803,0.6546828549214072,-0.004595707398052603,0.026488567649219807,0.18568996092179854,0.22543987892982287,0.09851738113308188,False,False
sem_summary_upstream_ridge,pooled,678,0.10172682218469176,0.12953311746805987,0.0875790547031432,0.19702165085946924,0.6567161049049883,-0.01227487624490017,-0.027443430435885263,0.11795488556903985,0.1345918086602963,0.10168205113934568,False,False
thermal_plus_sem_pca_ridge,pooled,678,0.11276299577228115,0.14245868222434904,0.09460997133555538,0.2236704197003584,0.6710514193418208,-0.009682916313941463,-0.24272240813588764,-0.14174285110793414,-0.1476402501083285,0.11253837788117388,False,False
thermal_plus_sem_summary_ridge,pooled,678,0.10135655755106127,0.13140036618702766,0.0827797026615596,0.2038787903011022,0.667212550595178,0.01155580707015103,-0.057278583248553394,0.11871420754331119,0.13104391337724478,0.10140044855657859,False,False
training_mean,pooled,678,0.10258907456911119,0.13168290814266856,0.08460410762331838,0.20578766342734667,0.6679938923766817,-0.0003518915982600272,-0.061830271080947075,-0.2200490747994753,-0.2471840493312795,0.10248412642544842,False,False
x_only,pooled,678,0.10257211910119797,0.13139691150789334,0.08422130367754393,0.20495248035407618,0.6625828925011056,-0.0004107402204599509,-0.057222989640231425,-0.1784708422382128,-0.19692149127651853,0.102473177555092,False,False
